Workbook

Sheet Итог
A1: Вводные данные
A2: N | B2: 10000
A3: MDE | B3: 800
A4: Итоговые результаты
A5: Положительный исход | B5: =SUM(Positive!H2:H18) -> 16611.272
A6: Отрицательный исход | B6: =SUM(Negative!H2:H4) -> -1213.3745
A7: Баланс | B7: =SUM(B5:B6) -> 15397.898
A8: Количество наблюдений | B8: =SUM(No_DIFF!E2:E32) -> 25825
A11: Выводы
A12: позитивные изменения коснулись 36 % точек когда отрицательных всего 7 %
A13: к сожаления 56 % точек не показала изменений в таблице рядом с ними было расчитанно дополнительное количество наблюдений для того что бы можно было заметить разницу
A16: Петербуг и Москва оказался лидером по увеличении среднего чека в тестовой группе
A17: когда регионы не дали особых изменений
A19: я бы внедрил пуш уведомление в центральные регионы МСК и СПБ
A20: необходимо продолжить тестирование регионов так 57 % полученных данных не дали четкой картины от изменений

Sheet Positive
A1: city | B1: id_trading_point | C1: count_test | D1: count_control | E1: count_all | F1: avg_test | G1: avg_control | H1: diff | I1: sigma_test | J1: sigma_control | K1: t_test_s | L1: t_test_p | M1: label | N1: percent_count | O1: benefit
A2: Казань | B2: 991 | C2: 270 | D2: 294 | E2: 564 | F2: 3249.2815 | G2: 2452.9864 | H2: 796.29509 | I2: 4719.5926 | J2: 3633.9359 | K2: -2.2552584 | L2: 0.024501005 | M2: Позитив | N2: 0.012445386 | O2: =Итог!$B$2*Positive!N2*Positive!H2 -> 99101.997
A3: Санкт-Петербург | B3: 453 | C3: 1066 | D3: 1049 | E3: 2115 | F3: 2501.9662 | G3: 1889.9237 | H3: 612.04249 | I3: 2993.4425 | J3: 2648.6593 | K3: -4.9769102 | L3: 6.9832069e-07 | M3: Позитив | N3: 0.046670197 | O3: =Итог!$B$2*Positive!N3*Positive!H3 -> 285641.44
A4: Санкт-Петербург | B4: 801 | C4: 225 | D4: 212 | E4: 437 | F4: 2925.1422 | G4: 2352.283 | H4: 572.8592 | I4: 2774.2921 | J4: 2928.2858 | K4: -2.0999906 | L4: 0.036305006 | M4: Позитив | N4: 0.0096429675 | O4: =Итог!$B$2*Positive!N4*Positive!H4 -> 55240.627
A5: Санкт-Петербург | B5: 573 | C5: 177 | D5: 160 | E5: 337 | F5: 2929.0452 | G5: 1641.2125 | H5: 1287.8327 | I5: 3201.0981 | J5: 2619.0448 | K5: -4.0165685 | L5: 7.2940741e-05 | M5: Позитив | N5: 0.0074363388 | O5: =Итог!$B$2*Positive!N5*Positive!H5 -> 95767.602
A6: Санкт-Петербург | B6: 900 | C6: 335 | D6: 341 | E6: 676 | F6: 2450.991 | G6: 1689.7918 | H6: 761.19926 | I6: 2865.6074 | J6: 2492.4726 | K6: -3.6869136 | L6: 0.00024525342 | M6: Позитив | N6: 0.01491681 | O6: =Итог!$B$2*Positive!N6*Positive!H6 -> 113546.65
A7: Санкт-Петербург | B7: 117 | C7: 625 | D7: 587 | E7: 1212 | F7: 2582.2976 | G7: 2050.6917 | H7: 531.60595 | I7: 2835.0045 | J7: 2595.7378 | K7: -3.3981956 | L7: 0.00070038166 | M7: Позитив | N7: 0.02674434 | O7: =Итог!$B$2*Positive!N7*Positive!H7 -> 142174.5
A8: Санкт-Петербург | B8: 213 | C8: 232 | D8: 255 | E8: 487 | F8: 2977.6293 | G8: 2277.6118 | H8: 700.01755 | I8: 2905.4944 | J8: 2710.0434 | K8: -2.7507519 | L8: 0.0061682153 | M8: Позитив | N8: 0.010746282 | O8: =Итог!$B$2*Positive!N8*Positive!H8 -> 75225.858
A9: Санкт-Петербург | B9: 891 | C9: 159 | D9: 167 | E9: 326 | F9: 2618.9497 | G9: 1980.6587 | H9: 638.291 | I9: 2899.7825 | J9: 2489.5719 | K9: -2.1355935 | L9: 0.033462037 | M9: Позитив | N9: 0.0071936096 | O9: =Итог!$B$2*Positive!N9*Positive!H9 -> 45916.163
A10: Москва | B10: 2652 | C10: 2273 | D10: 2370 | E10: 4643 | F10: 2508.8896 | G10: 1972.8477 | H10: 536.04189 | I10: 2846.6365 | J10: 2565.8782 | K10: -6.7451371 | L10: 1.716201e-11 | M10: Позитив | N10: 0.10245377 | O10: =Итог!$B$2*Positive!N10*Positive!H10 -> 549195.14
A11: Москва | B11: 1287 | C11: 370 | D11: 357 | E11: 727 | F11: 2143.4892 | G11: 1394.6555 | H11: 748.83373 | I11: 2441.2219 | J11: 2338.4618 | K11: -4.2210099 | L11: 2.741105e-05 | M11: Позитив | N11: 0.016042191 | O11: =Итог!$B$2*Positive!N11*Positive!H11 -> 120129.33
A12: Москва | B12: 1654 | C12: 799 | D12: 775 | E12: 1574 | F12: 3176.433 | G12: 2507.8865 | H12: 668.54659 | I12: 3208.0518 | J12: 2950.5129 | K12: -4.2997978 | L12: 1.8146601e-05 | M12: Позитив | N12: 0.034732336 | O12: =Итог!$B$2*Positive!N12*Positive!H12 -> 232201.85
A13: Москва | B13: 1002 | C13: 138 | D13: 188 | E13: 326 | F13: 4144.8551 | G13: 1844.7872 | H13: 2300.0678 | I13: 4069.7698 | J13: 2436.5361 | K13: -6.3534484 | L13: 7.1299585e-10 | M13: Позитив | N13: 0.0071936096 | O13: =Итог!$B$2*Positive!N13*Positive!H13 -> 165457.9
... A18: Самара | B18: 36 | C18: 131 | D18: 141 | E18: 272 | F18: 1987.3282 | G18: 860.41844 | H18: 1126.9098 | I18: 2718.5027 | J18: 1840.8266 | K18: -4.0279507 | L18: 7.3187581e-05 | M18: Позитив | N18: 0.0060020301 | O18: =Итог!$B$2*Positive!N18*Positive!H18 -> 67637.466
N20: =SUM(N2:N18) -> 0.35723112

Sheet Negative
A1: city | B1: id_trading_point | C1: count_test | D1: count_control | E1: count_all | F1: avg_test | G1: avg_control | H1: diff | I1: sigma_test | J1: sigma_control | K1: t_test_s | L1: t_test_p | M1: label | N1: percent_count | O1: lose
A2: Москва | B2: 9931 | C2: 153 | D2: 137 | E2: 290 | F2: 1415.7843 | G2: 1968.6934 | H2: -552.90912 | I2: 2038.1642 | J2: 2403.3979 | K2: 2.1191969 | L2: 0.034929469 | M2: Негатив | N2: 0.0063992233 | O2: =Итог!$B$2*N2*H2 -> -35381.889
A3: Волгоград | B3: 66 | C3: 657 | D3: 703 | E3: 1360 | F3: 2288.8706 | G3: 2601.761 | H3: -312.8904 | I3: 2682.5676 | J3: 2830.1938 | K3: 2.0892719 | L3: 0.036868999 | M3: Негатив | N3: 0.03001015 | O3: =Итог!$B$2*N3*H3 -> -93898.88
A4: Краснодар | B4: 1101 | C4: 785 | D4: 869 | E4: 1654 | F4: 2176.0038 | G4: 2523.5788 | H4: -347.575 | I4: 2722.6245 | J4: 2960.3523 | K4: 2.4767363 | L4: 0.013358448 | M4: Негатив | N4: 0.036497639 | O4: =Итог!$B$2*N4*H4 -> -126856.67
N6: =SUM(N2:N4) -> 0.072907013

Sheet No_DIFF
A1: city | B1: id_trading_point | C1: count_test | D1: count_control | E1: count_all | F1: avg_test | G1: avg_control | H1: diff | I1: sigma_test | J1: sigma_control | K1: t_test_s | L1: t_test_p | M1: label | N1: percent_count | O1: cnt_view
A2: Красноярск | B2: 212 | C2: 593 | D2: 575 | E2: 1168 | F2: 2144.317 | G2: 2222.0522 | H2: -77.735142 | I2: 2708.5887 | J2: 2785.1163 | K2: 0.48358539 | L2: 0.62877095 | M2: Нет разницы | N2: 0.025773423 | O2: =(2*POWER(J2,2)*7.85)/POWER(Итог!$B$3,2) -> 190.28578
A3: Красноярск | B3: 278 | C3: 535 | D3: 489 | E3: 1024 | F3: 2499.3458 | G3: 2185.2147 | H3: 314.13107 | I3: 2915.9953 | J3: 2574.9156 | K3: -1.8202681 | L3: 0.069010561 | M3: Нет разницы | N3: 0.022595878 | O3: =(2*POWER(J3,2)*7.85)/POWER(Итог!$B$3,2) -> 162.64686
A4: Красноярск | B4: 202 | C4: 551 | D4: 565 | E4: 1116 | F4: 2927.3412 | G4: 2730.3788 | H4: 196.96244 | I4: 2956.6862 | J4: 2737.8858 | K4: -1.1550729 | L4: 0.24830826 | M4: Нет разницы | N4: 0.024625976 | O4: =(2*POWER(J4,2)*7.85)/POWER(Итог!$B$3,2) -> 183.88671
A5: Красноярск | B5: 444 | C5: 650 | D5: 562 | E5: 1212 | F5: 2404.1062 | G5: 2545.7349 | H5: -141.62872 | I5: 2810.8285 | J5: 2797.1388 | K5: 0.87674037 | L5: 0.3808017 | M5: Нет разницы | N5: 0.02674434 | O5: =(2*POWER(J5,2)*7.85)/POWER(Итог!$B$3,2) -> 191.93214
A6: Красноярск | B6: 277 | C6: 708 | D6: 709 | E6: 1417 | F6: 2285.75 | G6: 2431.3653 | H6: -145.6153 | I6: 2712.6779 | J6: 2868.5876 | K6: 0.98170547 | L6: 0.32641279 | M6: Нет разницы | N6: 0.031267929 | O6: =(2*POWER(J6,2)*7.85)/POWER(Итог!$B$3,2) -> 201.86262
A7: Мурманск | B7: 54 | C7: 633 | D7: 640 | E7: 1273 | F7: 1702.7141 | G7: 1688.5125 | H7: 14.20156 | I7: 2565.1324 | J7: 2628.0125 | K7: -0.097555657 | L7: 0.92230052 | M7: Нет разницы | N7: 0.028090384 | O7: =(2*POWER(J7,2)*7.85)/POWER(Итог!$B$3,2) -> 169.42384
A8: Мурманск | B8: 55 | C8: 422 | D8: 425 | E8: 847 | F8: 2109.1066 | G8: 2111.2729 | H8: -2.1663061 | I8: 2790.9934 | J8: 2804.2232 | K8: 0.011267746 | L8: 0.99101249 | M8: Нет разницы | N8: 0.018690145 | O8: =(2*POWER(J8,2)*7.85)/POWER(Итог!$B$3,2) -> 192.9056
A9: Казань | B9: 699 | C9: 482 | D9: 494 | E9: 976 | F9: 2422.2863 | G9: 2574.3522 | H9: -152.06592 | I9: 3906.8179 | J9: 4082.8514 | K9: 0.59425383 | L9: 0.55248036 | M9: Нет разницы | N9: 0.021536696 | O9: =(2*POWER(J9,2)*7.85)/POWER(Итог!$B$3,2) -> 408.92797
A10: Казань | B10: 477 | C10: 382 | D10: 386 | E10: 768 | F10: 2259.623 | G10: 2496.987 | H10: -237.36401 | I10: 3482.8461 | J10: 3881.9947 | K10: 0.89159336 | L10: 0.3728909 | M10: Нет разницы | N10: 0.016946909 | O10: =(2*POWER(J10,2)*7.85)/POWER(Итог!$B$3,2) -> 369.68307
A11: Казань | B11: 544 | C11: 377 | D11: 416 | E11: 793 | F11: 2621.4271 | G11: 2635.5481 | H11: -14.121021 | I11: 3714.8948 | J11: 4639.8207 | K11: 0.04699706 | L11: 0.96252743 | M11: Нет разницы | N11: 0.017498566 | O11: =(2*POWER(J11,2)*7.85)/POWER(Итог!$B$3,2) -> 528.10719
A12: Казань | B12: 516 | C12: 634 | D12: 636 | E12: 1270 | F12: 3245.2003 | G12: 2880.4843 | H12: 364.71604 | I12: 4543.1693 | J12: 3819.2928 | K12: -1.5486734 | L12: 0.12170978 | M12: Нет разницы | N12: 0.028024185 | O12: =(2*POWER(J12,2)*7.85)/POWER(Итог!$B$3,2) -> 357.83728
A13: Казань | B13: 439 | C13: 355 | D13: 351 | E13: 706 | F13: 2481.9606 | G13: 2400.6353 | H13: 81.325236 | I13: 4040.441 | J13: 3722.1171 | K13: -0.27806735 | L13: 0.7810423 | M13: Нет разницы | N13: 0.015578799 | O13: =(2*POWER(J13,2)*7.85)/POWER(Итог!$B$3,2) -> 339.85975
... A32: Дмитров | B32: 2 | C32: 78 | D32: 71 | E32: 149 | F32: 579.33333 | G32: 483.4507 | H32: 95.882629 | I32: 1860.7624 | J32: 1654.9232 | K32: -0.33105243 | L32: 0.74107631 | M32: Нет разницы | N32: 0.0032878768 | O32: =(2*POWER(J32,2)*7.85)/POWER(Итог!$B$3,2) -> 67.18547
N35: =SUM(N2:N32) -> 0.56986187
